ownerUsername,caption,likesCount,commentsCount,timestamp_kst,url,type,hashtags
omuk.official,"♥️ 프링글스 한정판 하트칩을 메가박스에서 만날 수 있습니다!

프링글스 하트칩과 팝콘을 함께 즐길 수 있는 ‘프링글스 하트 미니로즈 토핑 팝콘’이 4월 27일 출시될 예정입니다. 하트칩 맛이 궁금하셨던 분들이라면 메가박스 한 번 들러보셔도 좋을 것 같은데요?

✅콤보: 팝콘(L) 1 + 탄산 2 + 토핑 (13,900)
✅단품: 팝콘(L) 1 + 토핑 (7,500) 

📷메가박스
✍️ 에디터 완자",819,0,2026-04-23,https://www.instagram.com/p/DXd0HK_j23-/,Sidecar,[]
omuk.official,"마라탕이나 엽떡처럼 매운 음식을 먹은 후, 입안을 달래줄 완벽한 후식으로 엑셀런트➕참크래커 조합을 추천합니다.

참크래커 점선을 따라 똑! 소리 나게 자르면 엑셀런트 하나가 완벽하게 감싸지는데, 여기서 오는 비주얼적 쾌감과 단짠의 조화가 그야말로 환상적인데요. 짭조름한 바삭함 뒤에 밀려오는 진한 바닐라의 풍미를 제대로 느끼고 싶은 분들이라면 이 조합을 꼭 한 번 경험해 보세요!🍨💛

✍🏻에디터 주스",408,5,2026-04-24,https://www.instagram.com/p/DXfzK1fzioI/,Video,[]
omuk.official,"🥭 요거트월드가 신메뉴 ‘양쯔간루’를 출시합니다.
달콤한 과일과 쫀득한 토핑이 어우러진 디저트로, 상하이에서 큰 인기를 끌고 있는 메뉴인데요.
현지 인기 디저트를 이제 국내에서도 간편하게 즐길 수 있게 됐네요.🎉
 SNS에서만 '양쯔간루'를 접해 궁금했던 사람들에게 희소식입니다.✨
.
.
📸 요거트월드 공식 인스타그램
✍ 에디터 파이
.
.
#요거트월드 #양쯔간루 #상하이간식 #망고 #유행간식",269,0,2026-04-24,https://www.instagram.com/p/DXfwn9TGLjX/,Image,"['요거트월드', '양쯔간루', '상하이간식', '망고', '유행간식']"
omuk.official,"더운 날씨 탓에 냉면 생각이 절로 나는 요즘, 시원하게 냉면을 먹으러 갔다가 달걀 위에 냉면을 쏙 담아 먹는 동료 에디터 발견! 이렇게 드시는 분 있나요? 나만의 냉면 먹방 스타일, 혹은 내 주변에 꼭 한 명씩 있는 특이한 냉면 식습관을 가진 친구가 있다면 지금 바로 공유해 주세요!(야, 이거 딱 너다)

✍🏻에디터 주스",199,6,2026-04-24,https://www.instagram.com/p/DXfpw6Dkm2q/,Video,[]
omuk.official,"🍘 전분당 8년동안 가격 맞춰왔다.

과자랑 음료, 베이킹할 때 필수라고 하는 물엿, 올리고당 같은 전분당을 시장 점유율 90%가 넘는 기업들이 가격 담합을 해왔다고 합니다.
기업들이 정기적으로 만나서 제품 가격이랑 언제 올릴지까지 서로 맞춰왔다고 하는데요, 거래처마다 가격 조건을 다르게 제시하면서 담합 사실을 숨겨온 것으로 알려졌습니다.
이런 담합은 대형 입찰 과정에서도 이어지면서 일부 대기업들도 모른 채 피해를 본 상황이며, 2017년부터 2025년까지 약 8년 동안 이어진 담합 규모는 10조 원이 넘는 수준이라고 합니다.
전분, 과당 가격 상상의 부담은 소비자들이 그대로 부담한다는게 슬픈 현실입니다.

📷 AI 생성이마지
✍️에디터 완자",117,2,2026-04-24,https://www.instagram.com/p/DXf9Ez3GKFs/,Image,[]
omuk.official,"🍓 성심당 DCC에서 소라빵 신상이 출시됐습니다!

기존 초코 소라빵에 이어 새롭게 선보인 메뉴인데요.
빵 속에는 딸기 크림을 가득 채우고, 겉에는 바삭한 딸기 크런키를 더한 것이 특징입니다. 달콤한 크림과 크런키한 식감이 어우러져 부드러움과 바삭함까지 한 번에 즐길 수 있는데 과연 딸기 소라빵은 얼마나 맛있을까요? 😋

📍딸기소라빵
📍 3,300원

📷 @sungsimdang_dcc, AI생성이미지
✍️ 에디터 완자",330,3,2026-04-23,https://www.instagram.com/p/DXd61RbGN4X/,Sidecar,[]
omuk.official,"🌭요즘 MZ들이 명랑핫도그 먹는 법이 화제입니다.

핫도그는 막대기에 꽂히 채로 먹어야 한다는 고정관념을 완전히 깨버린 신박한 방법이 등장했습니다.
명랑핫도그는 여러 종류의 소스가 구비 되어 있기 때문에 각종 소스를 취향에 맞게 뿌려 먹는 재미가 쏠쏠한데요.
이 방법을 사용하면 소스가 모자라지도 않고 먹기에도 간편하다는 장점이 있습니다.
요즘 같이 피크닉의 계절에 써먹기 유용한 방법입니다🔥

✅방법✅

1.명랑핫도그 인기세트 or 세트메뉴를 주문한다.
2.막대기를 모두 다 제거한다.
3.먹기 좋은 크기로 자른다.
4.각종 소스와 시즈닝을 기호에 맞게 넣는다.
5.하나씩 집어 먹으면 끝!

 ✍️에디터 올리브

#명랑핫도그 #핫도그 #꿀팁 #오먹올",16112,299,2026-04-15,https://www.instagram.com/p/DXIp2x5kkqD/,Video,"['명랑핫도그', '핫도그', '꿀팁', '오먹올']"
omuk.official,"🍬 젤리, 간식으로 자주 먹고 있다면 한 번쯤 주의가 필요합니다.

쫀득한 식감과 달콤한 맛으로 인기가 많지만, 방부제와 당분 함량이 높은 가공식품이라 장기간 반복 섭취 시 몸에 부담을 줄 수 있는데요. 특히 일부 젤리에는 보존을 위해 ‘파라벤’ 계열 방부제가 사용되기도 하는데, 이 성분이 반복적으로 체내에 들어오면 호르몬 균형이나 피부 트러블 등에 영향을 줄 수 있다는 지적이 있습니다. 여기에 높은 당 함량까지 더해지면 혈당이 급격히 오르면서 췌장에 부담을 주고, 장기적으로는 건강에 좋지 않은 영향을 줄 수 있습니다.
또한 단맛에 익숙해지면 더 자극적인 음식만 찾게 되는 습관으로 이어질 수 있고, 잦은 혈당 변화는 집중력이나 기억력에도 영향을 줄 수 있다는 분석입니다.

✍️에디터 포도",12394,332,2026-04-13,https://www.instagram.com/p/DXDk07PEZ3Q/,Image,[]
omuk.official,"🍕 피자스쿨 15년 찐고인물이 추천하는 히든 메뉴 ‘까르보네피자’

크림 베이스에 햄과 치즈가 토핑으로 올라가 있고 하이라이트. 까르보나라 파스타가 쏙!!!! 들어가 있어요
피자의 고소함과 꾸덕한 크림파스타의 조합이 상상도 못할 수준으로 조화로운데요🔥
기본 메뉴에서 살짝 벗어난 조합이라 아는 사람만 시켜먹는 메뉴로, 피자스쿨 자주 드시는 분들이라면 한 번쯤 도전해보셔도 좋겠습니다.

✅여기서 주문 꿀팁✅
1.베이컨 추가 (추가 하는 순간 퀄리티가 확 올라감)
2.갈릭브레드 변경 (파스타+마늘빵 같이 먹는 그런 조화로운 느낌)
3,치즈크러스트 추가 (이건 뭐 말 안해도 알아서들 잘 하시리라 믿음)
4.불닭마요소스 무조건 추가 (자칫 느끼할 수 있을 맛을 확!!! 잡아줌)

 ✍️에디터 올리브 

#피자스쿨 #까르보네피자 #피자스쿨꿀팁 #오먹올",15762,211,2026-04-14,https://www.instagram.com/p/DXGQ7n-hK1m/,Video,"['피자스쿨', '까르보네피자', '피자스쿨꿀팁', '오먹올']"
omuk.official,"🍔’삼성웰스토리‘와 수제버거 브랜드 ’멜팅소울‘이 함께 개최한 ‘2026 코리아버거챔피언십(KBC)’ 본선에서 제스티살룬이 최종 우승을 차지했습니다.

K버거의 글로벌 진출을 지원하기 위해 약 118개 팀이 참가한 열린 이번 대회는, ‘글로벌 스탠다드에 맞춘 한국적 맛의 해석’을 주제로 각 팀이 개성 있는 버거를 선보였습니다. 제스티살룬은 돌솥비빔밥을 버거로 해석하여 높은 평가를 받았는데요. 우승팀은 오는 10월 미국에서 열리는 월드푸드챔피언십 버거 부문에 한국 대표로 참가합니다. 이번 대회에는 이원일, 김태우, 정육왕, 옥동식 등 다양한 심사위원이 참여해 화제를 모았습니다.🎉

📷 @zestysaloon @kbc_koreaburgerchampionship

✍️에디터 포도",141,2,2026-04-24,https://www.instagram.com/p/DXf6CCHkjZ5/,Sidecar,[]
omuk.official,"같은 브랜드 같은 메뉴임에도 지점별 가격이 달라 소비자들이 혼란에 빠졌습니다. 최근 메가커피의 신메뉴 ’저당 꿀배 XO야쿠르트‘가 지점에 따라 최저 3,700원에서 최고 6,500원까지 무려 두 배 가까운 가격 차이를 보이며 온라인에서 화제인데요. 이는 배달 플랫폼 수수료 인상에 대응하기 위해 가맹점주들이 도입한 ’이중 가격제‘ 때문인 것으로 분석됩니다.

본사에서 권장 판매가 강제성이 없다 보니, 수수료 부담을 느낀 일부 점주들이 부득이하게 가격을 올린 것인데요. 브랜드라면 어디서든 동일한 가격을 기대했던 소비자들에게는 아쉬움이 있을 것으로 예상되네요.

📷배달의민족
✍🏻에디터 주스",656,39,2026-04-23,https://www.instagram.com/p/DXdIHFzEgMo/,Image,[]
omuk.official,"칸쵸가 ’내 이름을 찾아라‘ 2탄을 출시했습니다. 이번 2탄에는 1탄보다 50개나 더 늘어난 총 550개의 이름이 빼곡하게 수록되었는데요. ’혹시 내 이름도 있을까?‘ 설레는 마음으로 구매하는 소비자들이 늘고 있습니다. 현재 카카오톡 선물하기를 통해 간편하게 만나볼 수 있으니, 이번 기회에 소중한 친구나 나의 이름이 담긴 칸쵸를 확인해 보세요.

📷@lottewellfood, @kakaotalkgift_official
✍🏻에디터 주스",250,4,2026-04-23,https://www.instagram.com/p/DXdFDImkl3O/,Sidecar,[]
omuk.official,"💦😜마이쮸 토마토 맛보다 더 강력한 상큼함을 원하는 마음을 담아, 오먹 에디터의 사심을 듬뿍 담은 가상의 마이쮸를 AI로 만들어봤습니다. 바로 노란빛의 ’패션후르츠 맛‘인데요. 씹을수록 입안 가득 팡 터지는 패션후르츠 특유의 새콤달콤한 풍미가 마이쮸의 쫄깃한 식감과 만난다면 너무 잘 어울릴 것 같지 않나요?
*AI를 활용해 제작한 이미지입니다.

📷AI 생성이미지
✍🏻에디터 주스",13768,77,2026-04-23,https://www.instagram.com/p/DXdSn8RkaCl/,Sidecar,[]
omuk.official,"🎁코스트코에서 신규 가입 회원 이벤트로 ’촉촉한 황치즈집‘ 증정 이벤트를 진행해 화제입니다. 지금 코스트코 신규 회원으로 가입하고 현대카드 자동이체까지 신청하면, 화제의 품절대란템 촉촉한 황치즈칩을 증정하는데요. ”회원권 끊으러 갔다가 과자까지 얻어온다“는 상황이 조금 유쾌하기도 하지만, 코스트코다운 확실한 유혹(?)이 아닐까 싶네요.

📷@costco.korea
✍🏻에디터 주스",410,14,2026-04-23,https://www.instagram.com/p/DXdjENKkSEM/,Image,[]
omuk.official,"🍪파파존스 ‘솔티드 카라멜 브라우니’가 나왔다구요?

브라우니 맛집 파파존스에서 신메뉴 '솔티드 카라멜 블론디'를 출시했습니다.
이번 신메뉴는 '쿠키런: 오븐스매시'와의 특별한 콜라보 한정판으로 출시되었다고 하는데요,
파파존스 브라우니 특유의 꾸덕한 식감에 단짠 매력이 돋보이는 솔티드 카라멜 칩이 콕콕 박혀있어 기대를 모으고 있습니다.
파파존스 브라우니 좋아하시는 분들은 이번 신상 꼭 드셔보세요!

📷 파파존스
✍️에디터 메리엘

#파파존스 #브라우니 #솔티드카라멜블론디 #파파존스브라우니",754,0,2026-04-23,https://www.instagram.com/p/DXdHgrqj8R7/,Sidecar,"['파파존스', '브라우니', '솔티드카라멜블론디', '파파존스브라우니']"
omuk.official,"칸쵸가 ’내 이름을 찾아라‘ 2탄이 총 550개의 이름 명단을 공개했습니다. 기존 500개에서 50개의 새로운 이름이 추가되었는데요. 친구 이름이 있다면 공유해 보세요.

📷@kakaotalkgift_official
✍🏻에디터 주스",2263,292,2026-04-23,https://www.instagram.com/p/DXdVoNOkQbQ/,Sidecar,[]
omuk.official,"⚾️여러분의 야구장 최애 푸드는 무엇인가요?

예년보다 기온이 높아진 요즘, 오먹 에디터의 야구장 추천 음식을 공개합니다.
불닭볶음면에 냉면육수와 육회를 넣어 함께 먹는 것인데요,
우선 냉면 육수를 꽁꽁 얼려서 얼음팩 대신 챙겨갑니다.(장거리는 보냉백 필수🥲)
그럼 육회나 맥주 등 다른 음식도 시원하게 보관할 수 있어서 좋습니다👍
조리된 불닭볶음면에 냉면육수를 붓고 육회를 얹으면 완성인데요,
불닭에 냉면육수가 서서히 녹으면서 끝까지 시원한 육회불닭냉면을 즐길 수 있습니다.
불닭볶음면은 뜨거운 물을 선보다 적게 부어서 입장하면 물 버릴 필요 없이 바로 조리 가능합니다..(꿀팁)
여러분의 야구장 최애 음식도 댓글로 알려주세요!

✍️에디터 메리엘

#야구장 #불닭볶음면 #육회 #냉면",2640,34,2026-04-23,https://www.instagram.com/p/DXdxioZEhil/,Video,"['야구장', '불닭볶음면', '육회', '냉면']"
bbang_hyojin,"#cu #하림 #신상컵라면 #훌라면컵 (2100) 🍜

저번에 봉지 출시 훌라면 맘에 들었었는데 컵으로 간편하게 나온거 굿👍

면발도 좋고 감칠맛 좋은 국물맛도 굿👍 매콤한 편은 아니니 다들 잘 즐길수 있을 라면✨
-
#빵효진_cu",14,3,2026-04-24,https://www.instagram.com/p/DXf8Hm_kdDz/,Image,"['cu', '하림', '신상컵라면', '훌라면컵', '빵효진_cu']"
bbang_hyojin,"#올리브영 #크라운 #마이쮸 #마이쮸토마토 (1000) 🍅

토마토주스 같은 맛에서 좀 더 산뜻상큼한 맛이라 굿👍 토마토 막 안좋아해도 잘 먹을듯 ㅎㅎ
-
#빵효진_올리브영",861,17,2026-04-19,https://www.instagram.com/p/DXTxukNkfTL/,Image,"['올리브영', '크라운', '마이쮸', '마이쮸토마토', '빵효진_올리브영']"
bbang_hyojin,"#아이스크림할인점 #서주 #아이스크림 #초코팡팡 (1400) 🍫

초코볼부분은 약간 눅눅하긴 하면서 맛있는 초코맛 까지는 아니었지만 그래도 먹을만 했고 아이스크림 중간중간 들어있음!
초코아이스크림 맛은 달콤하고 그냥 무난한 초코맛! ㅎㅎ
-
#빵효진_아이스크림할인점",1266,11,2026-04-11,https://www.instagram.com/p/DW--OcBkSYu/,Image,"['아이스크림할인점', '서주', '아이스크림', '초코팡팡', '빵효진_아이스크림할인점']"
bbang_hyojin,"#cu #서울우유 #저지밀크 #서울우유저지밀크푸딩 (2900) 🍮

달콤산뜻 호로록 부드럽게 먹기 좋은 입에서 녹는 푸딩! 탱글푸딩보단 이런 푸딩이 좀 더 괜찮아서 잘 먹은듯 ㅎㅎ
-
#빵효진_cu",33,3,2026-04-23,https://www.instagram.com/p/DXdXwd0mhdW/,Sidecar,"['cu', '서울우유', '저지밀크', '서울우유저지밀크푸딩', '빵효진_cu']"
bbang_hyojin,"#세븐일레븐 #신상아이스크림 #초성아이스크림 #불러바 (3000) 🫐🍠

블루베리우유맛에 크림치즈 풍미 살짝 느껴지는 보라부분 + 은은 고구마맛 노란부분으로 이루어진 초성 아이스크림 신상!

식감은 우유아이스크림류 식감인데 처음엔 약간 단단해서 살짝 녹여먹기 추천이고, 모양이나 초성뽑기 재밌으니 사먹어 볼만한듯!ㅎㅎ

뽑은건 한국인은 좀 흠칫하는 초성 ㅋㅋㅋㅎ🙃
-
#빵효진_세븐일레븐",562,28,2026-04-16,https://www.instagram.com/p/DXLqOxfkV4F/,Image,"['세븐일레븐', '신상아이스크림', '초성아이스크림', '불러바', '빵효진_세븐일레븐']"
bbang_hyojin,"#gs25 #요아정 #요거트아이스크림 #요아정블루베리그릭요거트샌드 (3000) 🫐

상큼달콤하고 산뜻 블루베리 그릭요거트 아이스크림 중간에 블루베리 시럽 구성이라 잘 먹은 아이스크림👍
-
#빵효진_gs25",30,4,2026-04-23,https://www.instagram.com/p/DXd3wJrEa8P/,Image,"['gs25', '요아정', '요거트아이스크림', '요아정블루베리그릭요거트샌드', '빵효진_gs25']"
bbang_hyojin,"#cu #신상아이스크림 #하이츄 #모리나가하이츄아이스바포도맛 (3000) 🍇

겉은 단단사각 샤베트제형 달콤상큼 하이츄 포도맛에 중간은 약간 쫀쫀하면서 포도카라멜 같은 맛으로 시원상큼 잘 먹은 아이스바✨
-
#빵효진_cu",53,11,2026-04-23,https://www.instagram.com/p/DXduCTuEXE_/,Image,"['cu', '신상아이스크림', '하이츄', '모리나가하이츄아이스바포도맛', '빵효진_cu']"
omuk.official,"☕이 정도면 ’유재석 아메리카노‘ 정식 출시 시급합니다. 유튜브 ’핑계고‘에서 늘 ”커피 연하게“를 외치던 유느님의 연연연한 아메리카노가 매번 화제인데요.

최근 공개된 ’풍향고2‘ 후일담 에피소드에서 이삭토스트가 오직 유재석 님만을 위한 ’초밀착 맞춤형 연한 아메리카노‘를 선보였습니다. 투명 컵 너머로 손가락이 비칠 만큼 맑은 빛깔에 유느님도 한 모금 마시자마자 ”딱 내 스타일!“이라며 극찬을 아끼지 않았는데요.

오먹 에디터가 궁금증을 참지 못하고 직접 마셔봤습니다. 보리차처럼 구수해 물처럼 가볍게 즐기기 좋은데요. 평소 연연연한 아메리카노를 외치는 분들을 위해 ’유재석 아메리카노‘ 나오면 안될까요?

📷유튜브 ‘핑계고’
✍🏻에디터 주스

#핑계고 #유재석",847,37,2026-04-24,https://www.instagram.com/p/DXfkgYvEo2S/,Sidecar,"['핑계고', '유재석']"
bbang_hyojin,"#cu #삼립 #흑임자 #순우유까망깨앙팡 (2000) 🖤

부드러운 빵 중간에 까망깨맛 좀 느껴지고 달콤부드러운 흑임자앙금 적당량 들어있는데, 약간 고소함도 느껴지면서 굿👍 흑임자 좋아하면 흰우유랑 같이 딱 간식으로 추천🥛
-
#빵효진_cu",57,5,2026-04-23,https://www.instagram.com/p/DXeRrbnkUNV/,Image,"['cu', '삼립', '흑임자', '순우유까망깨앙팡', '빵효진_cu']"
bbang_hyojin,"#세븐일레븐 #헬로키티 #사과당근에이드 #오렌지망고에이드 (2500) 🍎🥕🍊🥭

맑은 스타일 음료로 각각 맛이 은은달콤하게 느껴지는 스타일! 
위에 귀여운 헬로키티 부분 키링으로 활용하면 되는 제품✨
-
#빵효진_세븐일레븐",4,2,2026-04-24,https://www.instagram.com/p/DXf_Tspkbrv/,Image,"['세븐일레븐', '헬로키티', '사과당근에이드', '오렌지망고에이드', '빵효진_세븐일레븐']"
omuk.official,"✊저 (오랜만에) 용기냈습니다!

오먹 용기 기다리신 분 있나요 혹시,,?
이번엔 논현동 <영동시장>에 다녀왔습니다! 시장 답게 포장하고 싶은 음식들이 정~말 많았는데요.
이번만큼은 용기 크기가 작아서 너무 아쉬웠어요😢
요즘 포장 용기도 부족하다고 하니까 우리 같이 용기 내 보는 건 어떨까요?
자세한 용기 내용은 영상을 통해 확인해 보세요!

✍️에디터 포도

#용기_영동시장 #용기냈습니다 #용기내챌린지 #영동시장",806,14,2026-04-23,https://www.instagram.com/p/DXd_zkSj18y/,Video,"['용기_영동시장', '용기냈습니다', '용기내챌린지', '영동시장']"
bbang_hyojin,"#세븐일레븐 #삼각김밥 #비빔참치마요삼각김밥 #더커진반숙계란장삼각김밥 (1300,1900) 🍙

요즘 시리즈로 출시하는 데우지 않아도 좋은 삼각김밥!

비빔참치마요는 밥에도 참기름 등 간 되어있고 약간 쫀득 식감에 참치마요 조합 믿먹👍

반숙계란장은 간장소스밥 중간에 반숙계란 들어있는데 밥은 좀 더 간이 필요했고, 얘는 약간 데우는게 취향에는 좋았던! 그래도 무난하게 먹은 삼각김밥!
-
#빵효진_세븐일레븐",45,6,2026-04-23,https://www.instagram.com/p/DXdT5FjkSv_/,Image,"['세븐일레븐', '삼각김밥', '비빔참치마요삼각김밥', '더커진반숙계란장삼각김밥', '빵효진_세븐일레븐']"
bbang_hyojin,"#cu #신상빵 #달콤옥수수삼각빵 #명란감자삼각빵 (3000,3500) 🌽🥔

빵은 부드럽고 촉촉하면서 약간 버터 묻어나는 달콤한 빵이었고 중간에 각각 쫀득하고 달콤부드러운 떡+달콤한 옥수수, 짭쪼름부드러운 명란감자 적당량 들어있어서 간식으로 딱👍
-
#빵효진_cu",94,11,2026-04-23,https://www.instagram.com/p/DXdS5Gxkfpu/,Image,"['cu', '신상빵', '달콤옥수수삼각빵', '명란감자삼각빵', '빵효진_cu']"
bbang_hyojin,"#마트 #오리온 #참붕어빵 #참붕어빵우유슈크림맛 (6700) 🥛

뚜벅이로 어느 동네 마트에서 구매한 신제품!🫠

중간부분만 기존이랑 다른데 마지막 사진 자세히 보면 위에 우유슈크림, 아래 떡 같은거 들어있어서 반갈하기는 힘듬..!

달콤 우유슈크림맛에 쫀득 떡 조합이라 무난하게 간식으로 우유랑 같이 먹기 좋을듯👍 약간 데워먹으면 좀 더 부드럽게 굿🔥
-
#빵효진_마트",86,11,2026-04-23,https://www.instagram.com/p/DXeCgeikd-U/,Image,"['마트', '오리온', '참붕어빵', '참붕어빵우유슈크림맛', '빵효진_마트']"
bbang_hyojin,"#cu #우베디저트 #우베케이크 #우베바스크치즈케이크 (3900) 💜

은은한 우베맛 느껴지는데 크림은 달콤, 바스크치즈케이크는 약간 짠단스러운 맛! 
크림은 부드럽고 바치케는 꾸덕과 촉촉 중간 식감 정도인데 좀 더 촉촉했음..! ㅎㅎ 그래도 나름 우베맛 느껴져서 굿👍
-
#빵효진_cu",88,20,2026-04-22,https://www.instagram.com/p/DXbdYTYkbyO/,Image,"['cu', '우베디저트', '우베케이크', '우베바스크치즈케이크', '빵효진_cu']"
bbang_hyojin,"#gs25 #신상아이스크림 #빙수 #시로쿠마백곰빙수 (5900) 🍧

패키지부터 일단 일본갬성 귀여운 점 좋았고, 보이는 재료 조합에 바닥엔 딸기소스 깔려있는 구성!

맛은 딱 옛날스타일 빙수 맛인데 우유 넣은 빙수 스타일이라 좋았고, 달콤상큼시원 굿✨
-
#빵효진_gs25",43,8,2026-04-23,https://www.instagram.com/p/DXd6OSsEdfW/,Image,"['gs25', '신상아이스크림', '빙수', '시로쿠마백곰빙수', '빵효진_gs25']"
bbang_hyojin,"#협찬 #하얀고래젓갈 #젓갈추천 #구절판젓갈 #핵매운불낙지젓 🔥

하얀고래 구절판젓갈이랑 핵매운 불낙지젓 감사하게 먹어본 솔직후기🔥

🍱구절판 젓갈은 9가지 젓갈로 이루어져 있는데 다양한 젓갈구성이라 골라먹는 재미 굿🥹
종류도 호불호 크지 않은 종류라 좋았고, 대용량 사기 전에 맛보기로도 좋겠고 혼밥하는 1인가구 등에게도 넘 좋을듯한 제품✨

🔥핵!매운 불낙지젓은 맵부심 넘치는 본인이 딱 매콤하게 먹을 정도 맵기라 좋았는데, 일반인은 많이 매울수 있을 맵기🙃

그런 만큼 밥이랑 넘 잘 어울렸고, 매우면 계란후라이 등 곁들여 먹어도 딱 좋을듯😄

두가지 제품 다 퀄이나 신선도 괜찮아서 젓갈 좋아하는 사람들이나 반찬 고민하는 사람들 츄라이~~👍

👉구매정보 및 다른 제품 구경이나 자세한 설명 보고 싶으면 @hayangorae0106 계정 및 스마트스토어 참고🔥",41,15,2026-04-21,https://www.instagram.com/p/DXYfHSFEW2G/,Video,"['협찬', '하얀고래젓갈', '젓갈추천', '구절판젓갈', '핵매운불낙지젓']"
bbang_hyojin,"#cu #연세우유 #연세우유밀크파베초콜릿 #연세우유인절미파베초콜릿 (각 4000) 🍫

둘다 가루 떨어짐 주의였고 부드럽게 씹히는 파베초콜릿 식감!

밀크는 가루는 달지 않은데 초콜릿부분이 적당히 달콤한 밀크초코 맛으로, 우유맛은 크진 않은 편! 

인절미는 화이트초코 달콤한 부분에 겉가루에서만 인절미 느낌 정도 나는 편!

둘다 무난하게 먹은 파베초콜릿들😄
-
#빵효진_cu",98,6,2026-04-22,https://www.instagram.com/p/DXb4fKnkYsl/,Image,"['cu', '연세우유', '연세우유밀크파베초콜릿', '연세우유인절미파베초콜릿', '빵효진_cu']"
bbang_hyojin,"#광고 #동원참치 #맛있는단백질 #동원참치레시피 #육개장 💪

고단백 동원참치를 이용해서 요즘 핫한 육개장사발면 레시피인 육개장 참치비빔면 만들어 먹어보기~🔥

동원참치 135g 기준 한 캔으로 계란 4개 정도의 하루 권장량 절반 수준을 섭취할 수 있는데 매번 똑같은 닭가슴살 질릴 때, 맛있는 동원참치 한 캔으로 간편하게 대체 가능!

계란·닭가슴살 대신 더 간편하고, 번거로운 단백질 식단 대신 동원참치 한 캔으로 간편하게 단백질 섭취 가능한거 굿👍

육개장 사발면과 어우러져서 더 부드럽고 맛있게 즐겨서 좋았고 레시피도 간단하니까 츄라이츄라이~💪

👉구매는 프로필 링크 참고🔥",72,14,2026-04-22,https://www.instagram.com/p/DXbGDM0ERBa/,Video,"['광고', '동원참치', '맛있는단백질', '동원참치레시피', '육개장']"
bbang_hyojin,"#cu #연세우유 #하트티라미수 #연세우유깨먹는하트생크림빵 (3900) 🍫

보통식감 큰 맛은 안느껴지는 빵 위에 깔끔달콤한 다크초콜릿 코팅 잘 되어있는편!

중간에 느끼하진 않은 부드럽고 촉촉한데 살짝 거품같은 느낌 크림들인데 은은달콤 마스카포네 치즈크림과 달콤향긋 커피크림 조합이라 잘 먹은 빵😄
-
#빵효진_cu",736,26,2026-04-22,https://www.instagram.com/p/DXbmHNskXz4/,Image,"['cu', '연세우유', '하트티라미수', '연세우유깨먹는하트생크림빵', '빵효진_cu']"
bbang_hyojin,"#홈플러스 #쁘띠케이크 #쁘띠초코케이크 #쁘띠치즈케이크 (각 2490) 🍫

둘다 쁘띠 사이즈 파이과자인데 초코맛은 무난한 초코맛 파이에 퐁신 마시멜로우, 치즈맛은 은은한 세기인데 약간 꼬릿 뽀또 스타일 달콤치즈풍미 느껴졌고 중간은 치즈크림!

둘다 우유 등이랑 무난하게 간식으로 좋을듯😄
-
#빵효진_홈플러스",109,11,2026-04-22,https://www.instagram.com/p/DXbUbJckf1d/,Image,"['홈플러스', '쁘띠케이크', '쁘띠초코케이크', '쁘띠치즈케이크', '빵효진_홈플러스']"
bbang_hyojin,"#cu #베이크하우스405 #바게트 #명란바게트 (3200) 🥖

에프굽하면 좋고 중간에 명란마요소스 가득 들어있는데 명란>마요 느낌 짭쪼름촉촉하면서 굿👍
-
#빵효진_cu",15,5,2026-04-24,https://www.instagram.com/p/DXf6kGGEZ7F/,Image,"['cu', '베이크하우스405', '바게트', '명란바게트', '빵효진_cu']"
omuk.official,"💚카카오프렌즈에서 말차 춘식이를 출시했습니다! 

말차가 된 춘식이 담겨있는 각종 굿즈부터 말차 덕후까지 설레게 하는 '춘식이 말차 초코 롤케이크'까지! 
롤케이크는 카카오톡 선물하기에서만 만나볼 수 있는 한정 디저트지만, 다양한 말차 춘식 굿즈는 전국 오프라인 스토어에서도 만나볼 수 있으니 춘식맘들은 당장 달려가야 겠는데요?

💚춘식이 말차 초코 롤케이크
💚말차춘 키링인형/말차춘 머그/말차춘 에코백/말차춘 파우치

📷카카오프렌즈

✍️에디터 포도",1968,6,2026-04-23,https://www.instagram.com/p/DXdYWetmD-9/,Sidecar,[]
